# ************************************************************
# Sequel Pro SQL dump
# Version 4541
#
# http://www.sequelpro.com/
# https://github.com/sequelpro/sequelpro
#
# Host: 127.0.0.1 (MySQL 5.7.28)
# Database: goods
# Generation Time: 2020-01-09 17:45:36 +0000
# ************************************************************


/*!40101 SET @OLD_CHARACTER_SET_CLIENT=@@CHARACTER_SET_CLIENT */;
/*!40101 SET @OLD_CHARACTER_SET_RESULTS=@@CHARACTER_SET_RESULTS */;
/*!40101 SET @OLD_COLLATION_CONNECTION=@@COLLATION_CONNECTION */;
/*!40101 SET NAMES utf8 */;
/*!40014 SET @OLD_FOREIGN_KEY_CHECKS=@@FOREIGN_KEY_CHECKS, FOREIGN_KEY_CHECKS=0 */;
/*!40101 SET @OLD_SQL_MODE=@@SQL_MODE, SQL_MODE='NO_AUTO_VALUE_ON_ZERO' */;
/*!40111 SET @OLD_SQL_NOTES=@@SQL_NOTES, SQL_NOTES=0 */;


# Dump of table t_admin
# ------------------------------------------------------------

DROP TABLE IF EXISTS `t_admin`;

CREATE TABLE `t_admin` (
  `adminId` char(32) NOT NULL,
  `adminname` varchar(50) NOT NULL DEFAULT '',
  `adminpwd` varchar(50) NOT NULL DEFAULT '',
  PRIMARY KEY (`adminId`)
) ENGINE=InnoDB DEFAULT CHARSET=utf8;

LOCK TABLES `t_admin` WRITE;
/*!40000 ALTER TABLE `t_admin` DISABLE KEYS */;

INSERT INTO `t_admin` (`adminId`, `adminname`, `adminpwd`)
VALUES
	('86B0E76685494CD79A52D965E2EEA038','zhaoYun','123'),
	('a1','liuBei','123'),
	('a2','guanYu','123'),
	('a3','zhangSanFei','123'),
	('CE570A04B50046178001B4E407B909CB','cirtus','123');

/*!40000 ALTER TABLE `t_admin` ENABLE KEYS */;
UNLOCK TABLES;


# Dump of table t_cartitem
# ------------------------------------------------------------

DROP TABLE IF EXISTS `t_cartitem`;

CREATE TABLE `t_cartitem` (
  `cartItemId` char(32) NOT NULL,
  `gid` char(32) DEFAULT NULL,
  `uid` char(32) NOT NULL DEFAULT '',
  `orderBy` int(11) NOT NULL AUTO_INCREMENT,
  PRIMARY KEY (`cartItemId`),
  KEY `orderBy` (`orderBy`),
  KEY `FK_t_cartitem_t_user` (`uid`),
  KEY `FK_t_cartitem_t_book` (`gid`),
  CONSTRAINT `FK_t_cartitem_t_book` FOREIGN KEY (`gid`) REFERENCES `t_goods` (`gid`),
  CONSTRAINT `FK_t_cartitem_t_user` FOREIGN KEY (`uid`) REFERENCES `t_user` (`uid`)
) ENGINE=InnoDB DEFAULT CHARSET=utf8;

LOCK TABLES `t_cartitem` WRITE;
/*!40000 ALTER TABLE `t_cartitem` DISABLE KEYS */;

INSERT INTO `t_cartitem` (`cartItemId`, `gid`, `uid`, `orderBy`)
VALUES
	('229C5A0C58E94BBF9A8EA8070F6B646D','D66530E13CB240518A386053BD1F7B47','C25C78C1474640FE969CE76DB5B17886',40);

/*!40000 ALTER TABLE `t_cartitem` ENABLE KEYS */;
UNLOCK TABLES;


# Dump of table t_category
# ------------------------------------------------------------

DROP TABLE IF EXISTS `t_category`;

CREATE TABLE `t_category` (
  `cid` char(32) NOT NULL,
  `cname` varchar(50) NOT NULL DEFAULT '',
  `cdesc` varchar(100) DEFAULT NULL,
  `orderBy` int(11) NOT NULL AUTO_INCREMENT,
  PRIMARY KEY (`cid`),
  UNIQUE KEY `cname` (`cname`),
  KEY `orderBy` (`orderBy`)
) ENGINE=InnoDB DEFAULT CHARSET=utf8;

LOCK TABLES `t_category` WRITE;
/*!40000 ALTER TABLE `t_category` DISABLE KEYS */;

INSERT INTO `t_category` (`cid`, `cname`, `cdesc`, `orderBy`)
VALUES
	('14996D56485D472FBA2B23FF27E5E0AD','体育用品','体育器具和运动装备',54),
	('59A4277D0DDA4616B429B9E11EF984D8','桌游','桌游',56),
	('813019295FFA4EC7B5CB1A00757FEBEE','电子商品','电子',55),
	('9EC824A0D176415181AE034DA71E02D9','文具','大学生必要文具',58),
	('B5B0E3D8D1C442C8BD87218B4DCA53CF','书籍','大学生教材与娱乐书记',53),
	('F448E18AE653482EB30B33282974F7F3','床上用品','大学生床上用品',57);

/*!40000 ALTER TABLE `t_category` ENABLE KEYS */;
UNLOCK TABLES;


# Dump of table t_goods
# ------------------------------------------------------------

DROP TABLE IF EXISTS `t_goods`;

CREATE TABLE `t_goods` (
  `gid` char(32) NOT NULL DEFAULT '',
  `userId` char(32) NOT NULL DEFAULT '',
  `gname` varchar(200) NOT NULL DEFAULT '',
  `price` decimal(8,2) NOT NULL,
  `cid` char(32) NOT NULL DEFAULT '',
  `image_w` varchar(100) DEFAULT NULL,
  `image_w2` varchar(100) DEFAULT NULL,
  `image_b` varchar(100) DEFAULT NULL,
  `gdesc` varchar(400) DEFAULT NULL,
  `orderBy` int(11) NOT NULL AUTO_INCREMENT,
  `gstatus` int(11) NOT NULL,
  PRIMARY KEY (`gid`),
  KEY `orderBy` (`orderBy`),
  KEY `FK_t_book_t_category` (`cid`),
  KEY `t_goods_t_user` (`userId`),
  CONSTRAINT `t_goods_t_category` FOREIGN KEY (`cid`) REFERENCES `t_category` (`cid`) ON DELETE CASCADE ON UPDATE CASCADE,
  CONSTRAINT `t_goods_t_user` FOREIGN KEY (`userId`) REFERENCES `t_user` (`uid`) ON DELETE CASCADE ON UPDATE CASCADE
) ENGINE=InnoDB DEFAULT CHARSET=utf8;

LOCK TABLES `t_goods` WRITE;
/*!40000 ALTER TABLE `t_goods` DISABLE KEYS */;

INSERT INTO `t_goods` (`gid`, `userId`, `gname`, `price`, `cid`, `image_w`, `image_w2`, `image_b`, `gdesc`, `orderBy`, `gstatus`)
VALUES
	('10E5196369A444E7A1505646D1518DF7','C25C78C1474640FE969CE76DB5B17886','保险论法',59.00,'B5B0E3D8D1C442C8BD87218B4DCA53CF','goods_img/C60FDC2831C34B6D900E2AC259CE3A26.jpg','goods_img/9510AC06CE7047B699678B98EFE2DCC2.jpg','goods_img/FFA22058B6664DF4943008CDD2708D48.jpg','买了这么多年，跟新的一样',128,5),
	('18453F01A9084A0DA13E8336546C9793','C25C78C1474640FE969CE76DB5B17886','儒林外史',20.00,'B5B0E3D8D1C442C8BD87218B4DCA53CF','goods_img/840BC9746EC84D198B6FBF009DE63E0D.jpg','goods_img/0C1939DDF14B4D50BDEAFD882E3D1E41.jpg','goods_img/250C37414D814F018425F2B519B1E073.jpg','上大学后买的，一点没看',132,5),
	('1B6C22CA371F47F48226AC29A4D18B1D','C25C78C1474640FE969CE76DB5B17886','四大名著',59.00,'B5B0E3D8D1C442C8BD87218B4DCA53CF','goods_img/6AAB017DD5E543EFA506A07236F30637.jpg','goods_img/DC3D0690D34543C1B7A026E1602442BC.jpg','goods_img/6B44E53C3A944D52AC9BCB83BAD2645E.jpg','四本的集合',126,5),
	('1D1892312E80450B916B187264B1185A','A097B4035A5C4EBFA489B9D971AEC5B1','皮卡丘',100000.00,'14996D56485D472FBA2B23FF27E5E0AD','goods_img/A0F850D0B82142529B79500198C4E3FF.jpg','goods_img/74BFEC37CB2D427A987240B9268D8E87.jpg','goods_img/4F42F0E2EDC54CD7810A35CBB3CA1B08.jpg','活的，能发电',120,4),
	('2DD3C05E2C234C26ACAD282B388529C8','A097B4035A5C4EBFA489B9D971AEC5B1','java面向对象编程',20.00,'B5B0E3D8D1C442C8BD87218B4DCA53CF','goods_img/3BBDD98F1424453C834DE398B47E58A6.jpg','goods_img/D21E57456B804EFFAF90CF95BA92102F.jpg','goods_img/C9ACA368C877482F83D738049B229DFF.jpg','java的一本二手书，有点年头了',117,5),
	('32DC29C24A144574BCE16F14BCBE9018','C25C78C1474640FE969CE76DB5B17886','人民法院刑法',200.00,'B5B0E3D8D1C442C8BD87218B4DCA53CF','goods_img/F16CD627755644488DEA19465AB52CDA.jpg','goods_img/B0CC21FB7E144490B2F1464129D3073A.jpg','goods_img/A2BA4736740941F2A5CE86AFD9C0C9CF.jpg','',134,5),
	('39C9E40B2A5E4C17A71097847379C212','C25C78C1474640FE969CE76DB5B17886','一本古老而神秘的书',12.00,'B5B0E3D8D1C442C8BD87218B4DCA53CF','goods_img/CF747CA34C354182876CE27243776B73.jpg','goods_img/3A21826BC3D64231843674CD7A092C58.jpg','goods_img/80F01D8B16F54B0FB38AC8AB5A6AB6D1.jpg','我偶然间从同济大学墙里发掘出来的一本古书',131,5),
	('3CB61AC1A8FF44DEBFADA1DD4588D031','C25C78C1474640FE969CE76DB5B17886','史记',59.00,'B5B0E3D8D1C442C8BD87218B4DCA53CF','goods_img/3C183C39B2924AC188CC95E4A6715494.jpg','goods_img/4ED674D7D266400CA68505CE41EAFC43.jpg','goods_img/A666E8FCD40E4E25B13DF4A77BC61A15.jpg','以史为鉴可以知兴替',127,5),
	('7DDB1EEC0CA74181A5C4D1EE20EB2F2A','C25C78C1474640FE969CE76DB5B17886','编程相关书籍',59.00,'B5B0E3D8D1C442C8BD87218B4DCA53CF','goods_img/9D4B33AC2EA64F2C955202F078B08F38.jpg','goods_img/0EB25A2BE9BE4943A9E3241210ED659A.jpg','goods_img/A09C5E91264848B4A330D6B71576A8EC.jpg','这个用的还是很多的，有很多年头了',129,5),
	('920D120383E14D449EB04C8A76CE32DB','A097B4035A5C4EBFA489B9D971AEC5B1','java',10.00,'B5B0E3D8D1C442C8BD87218B4DCA53CF','goods_img/BB5C3E04366548329C6C0504320315E1.jpg','goods_img/898C0986F1584AF3BAE510424A6691CD.jpg','goods_img/8864D15DE00948C7BBB60E81454E662B.jpg','java',119,4),
	('93FE93C92E7A48E2B61298017A07A048','C25C78C1474640FE969CE76DB5B17886','陪伴我多年的枕头',20.00,'F448E18AE653482EB30B33282974F7F3','goods_img/C463EB9C3F5D45DCB46DA7E3D2A3969C.jpg','goods_img/797D3D11747C46579E0CAB9D64E443FB.jpg','goods_img/96B06C308EED42BF9D4A4C5D5684686A.jpg','这枕头配了我好多年了，用了就没有失眠过。还是这么新（因为我晚上都在肝，就没怎么睡过）。。。。',122,5),
	('B07B7F13502F478F8B17CEB3D0EB3928','C25C78C1474640FE969CE76DB5B17886','555变身手机',200.00,'813019295FFA4EC7B5CB1A00757FEBEE','goods_img/ABF6C458135844EEAAA4BAC487AC0A9B.jpg','goods_img/7CCBBD297427457FB2FA00A446534E8B.jpg','goods_img/0822842053C6420B97D40FAF648C9DBF.jpg','现在我在寻找下一任适格者',123,5),
	('BAA8C1DBD4114905AA5E3A96FF07AD58','C25C78C1474640FE969CE76DB5B17886','哲学',10.00,'B5B0E3D8D1C442C8BD87218B4DCA53CF','goods_img/2A182D292CAB4C93B0469544DAA02D7B.jpg','goods_img/C1089EF754464FAC81E7041933B7BD8D.jpg','goods_img/19146C10F91944ACBF1B11930B726999.jpg','',133,5),
	('D66530E13CB240518A386053BD1F7B47','C25C78C1474640FE969CE76DB5B17886','java面向对象编程',10.00,'B5B0E3D8D1C442C8BD87218B4DCA53CF','goods_img/0D090BD0519344A5B9F28C2A4BAD2D7D.jpg','goods_img/885427B347BE410C9BCFFEF5585713A3.jpg','goods_img/2A30AA71C84C438FA0F270C851157592.jpg','java的一本二手书，有点年头了',118,5),
	('D6FB92502A1C4812A9CCDF07D6E94167','C25C78C1474640FE969CE76DB5B17886','各种桌游都有',59.00,'59A4277D0DDA4616B429B9E11EF984D8','goods_img/597756F61CC74D208ABF9B3A782401BB.jpg','goods_img/708B530E21294702ACAB3F0DCACB62C3.jpg','goods_img/09542D4571A44C7DBFBC4BA7811752A4.jpg','市场上的大部分桌游都有，就是有点旧',124,5),
	('E6C37E0926AF4A4582CF4600AD885169','C25C78C1474640FE969CE76DB5B17886','中华人民物权法',18.00,'B5B0E3D8D1C442C8BD87218B4DCA53CF','goods_img/BBDCBB18472A43C3B4ABA86609948FEB.jpg','goods_img/975FAA2A33B04256AD6AC04CB8562340.jpg','goods_img/55B339DE95564FCB817424D5958BE343.jpg','18块一本，大甩卖了',130,5),
	('EA6DD838074D40B3A02A8797A98B38A2','C25C78C1474640FE969CE76DB5B17886','中华传统美德',59.00,'B5B0E3D8D1C442C8BD87218B4DCA53CF','goods_img/C96C2661648747BF893286E4AE82D15F.jpg','goods_img/A0DD9FFDACE1422F8FF2DC5C3E99735A.jpg','goods_img/ECAFECBC69B24B48A3FA975ABC57A97F.jpg','刚买的中华传统美德',125,5),
	('FADCC3DB09C74F05AD55015E3F4761EF','C25C78C1474640FE969CE76DB5B17886','羽毛球',15.00,'14996D56485D472FBA2B23FF27E5E0AD','goods_img/BF02BC1D0B5B4215A827017559B65425.jpg','goods_img/481CCFFE1D044E36A1A0290CB2200F2F.jpg','goods_img/D5386D74AABB4CDC9CE522A0B26788BD.jpg','打了好几年的羽毛球',121,5);

/*!40000 ALTER TABLE `t_goods` ENABLE KEYS */;
UNLOCK TABLES;


# Dump of table t_order
# ------------------------------------------------------------

DROP TABLE IF EXISTS `t_order`;

CREATE TABLE `t_order` (
  `oid` char(32) NOT NULL,
  `ordertime` char(19) DEFAULT NULL,
  `total` decimal(10,2) NOT NULL,
  `address` varchar(1000) NOT NULL DEFAULT '',
  `uid` char(32) NOT NULL DEFAULT '',
  `buyername` varchar(100) NOT NULL DEFAULT '',
  `phone` varchar(100) NOT NULL DEFAULT '',
  PRIMARY KEY (`oid`),
  KEY `FK_t_order_t_user` (`uid`),
  CONSTRAINT `FK_t_order_t_user` FOREIGN KEY (`uid`) REFERENCES `t_user` (`uid`)
) ENGINE=InnoDB DEFAULT CHARSET=utf8;

LOCK TABLES `t_order` WRITE;
/*!40000 ALTER TABLE `t_order` DISABLE KEYS */;

INSERT INTO `t_order` (`oid`, `ordertime`, `total`, `address`, `uid`, `buyername`, `phone`)
VALUES
	('5EC29C55BFA8413FAECC378332788D3A','2020-01-10 01:33:51',10.00,'上海市同济大学嘉定校区','A097B4035A5C4EBFA489B9D971AEC5B1','小智','1111111111111'),
	('B6011C3335D2416DAAB5260E79014BB5','2020-01-08 00:34:58',10.00,'上海市同济大学嘉定校区','A097B4035A5C4EBFA489B9D971AEC5B1','回守涛','13999999999'),
	('E00F51F3AE4541978A29F0532FBDD2B5','2020-01-07 22:07:46',10.00,'上海市同济大学嘉定校区','A097B4035A5C4EBFA489B9D971AEC5B1','回守涛','13999999999');

/*!40000 ALTER TABLE `t_order` ENABLE KEYS */;
UNLOCK TABLES;


# Dump of table t_orderitem
# ------------------------------------------------------------

DROP TABLE IF EXISTS `t_orderitem`;

CREATE TABLE `t_orderitem` (
  `orderItemId` char(32) NOT NULL,
  `price` decimal(8,2) NOT NULL,
  `gid` char(32) NOT NULL DEFAULT '',
  `gname` varchar(200) NOT NULL DEFAULT '',
  `image_b` varchar(100) DEFAULT NULL,
  `oid` char(32) NOT NULL DEFAULT '',
  `orderstatus` int(11) NOT NULL,
  PRIMARY KEY (`orderItemId`),
  KEY `FK_t_orderitem_t_order` (`oid`),
  CONSTRAINT `FK_t_orderitem_t_order` FOREIGN KEY (`oid`) REFERENCES `t_order` (`oid`)
) ENGINE=InnoDB DEFAULT CHARSET=utf8;

LOCK TABLES `t_orderitem` WRITE;
/*!40000 ALTER TABLE `t_orderitem` DISABLE KEYS */;

INSERT INTO `t_orderitem` (`orderItemId`, `price`, `gid`, `gname`, `image_b`, `oid`, `orderstatus`)
VALUES
	('0D06C2DB1C6A4B1197D90929A8C08AC8',10.00,'D66530E13CB240518A386053BD1F7B47','java面向对象编程','goods_img/2A30AA71C84C438FA0F270C851157592.jpg','B6011C3335D2416DAAB5260E79014BB5',5),
	('182296F3D19B4A6EADDC099830FDA075',20.00,'2DD3C05E2C234C26ACAD282B388529C8','java面向对象编程','goods_img/C9ACA368C877482F83D738049B229DFF.jpg','B6011C3335D2416DAAB5260E79014BB5',5),
	('A2685DA6C2884704B80F526F048444CE',100000.00,'1D1892312E80450B916B187264B1185A','皮卡丘','goods_img/4F42F0E2EDC54CD7810A35CBB3CA1B08.jpg','5EC29C55BFA8413FAECC378332788D3A',4),
	('E382813725314EDCBDE771FBB1A477A2',10.00,'920D120383E14D449EB04C8A76CE32DB','java','goods_img/8864D15DE00948C7BBB60E81454E662B.jpg','5EC29C55BFA8413FAECC378332788D3A',4),
	('FC5C61C846CE417AB4B90D6E942632A1',10.00,'D66530E13CB240518A386053BD1F7B47','java面向对象编程','goods_img/2A30AA71C84C438FA0F270C851157592.jpg','E00F51F3AE4541978A29F0532FBDD2B5',5);

/*!40000 ALTER TABLE `t_orderitem` ENABLE KEYS */;
UNLOCK TABLES;


# Dump of table t_user
# ------------------------------------------------------------

DROP TABLE IF EXISTS `t_user`;

CREATE TABLE `t_user` (
  `uid` char(32) NOT NULL,
  `loginname` varchar(50) NOT NULL DEFAULT '',
  `loginpass` varchar(50) NOT NULL DEFAULT '',
  `email` varchar(50) NOT NULL DEFAULT '',
  `status` tinyint(1) NOT NULL,
  `activationCode` char(64) NOT NULL DEFAULT '',
  PRIMARY KEY (`uid`),
  UNIQUE KEY `loginname` (`loginname`)
) ENGINE=InnoDB DEFAULT CHARSET=utf8;

LOCK TABLES `t_user` WRITE;
/*!40000 ALTER TABLE `t_user` DISABLE KEYS */;

INSERT INTO `t_user` (`uid`, `loginname`, `loginpass`, `email`, `status`, `activationCode`)
VALUES
	('665C992DEC6A40D5B04732DD5BB9EEF2','wangEr','123','632037500@qq.com',0,'D92B19296E724D90BF2E89D0936DA910E0303D5F4DFC48C5B81055384F474DCA'),
	('A097B4035A5C4EBFA489B9D971AEC5B1','zhangSan','123456','handofwatch@outlook.com',1,'BE07E274407247C18B373E39072DDFF91E40C17411E64A3097E04477F172B16B'),
	('C25C78C1474640FE969CE76DB5B17886','liSi','1234','962387943@qq.com',1,'9C6652D582DC47E782FC56C4BBFF5D26C3F21DFDC41D46CCBAB76393A2D6F6A8');

/*!40000 ALTER TABLE `t_user` ENABLE KEYS */;
UNLOCK TABLES;



/*!40111 SET SQL_NOTES=@OLD_SQL_NOTES */;
/*!40101 SET SQL_MODE=@OLD_SQL_MODE */;
/*!40014 SET FOREIGN_KEY_CHECKS=@OLD_FOREIGN_KEY_CHECKS */;
/*!40101 SET CHARACTER_SET_CLIENT=@OLD_CHARACTER_SET_CLIENT */;
/*!40101 SET CHARACTER_SET_RESULTS=@OLD_CHARACTER_SET_RESULTS */;
/*!40101 SET COLLATION_CONNECTION=@OLD_COLLATION_CONNECTION */;
